id,country,cases,gender,year
1,Canada,1079,Female,2014
2,Brazil,232,Male,2013
3,Brazil,1898,Female,2012
4,Brazil,1542,Female,2018
5,Germany,110,Female,2021
6,Germany,1742,Male,2014
7,USA,1869,Female,2013
8,USA,1763,Female,2011
9,Germany,923,Male,2011
10,Brazil,137,Female,2012
11,Ukraine,890,Male,2018
12,Germany,103,Female,2015
13,USA,1972,Female,2017
14,Brazil,813,Female,2013
15,Brazil,1864,Male,2011
16,Germany,708,Female,2019
17,Brazil,1280,Female,2016
18,Brazil,1926,Male,2017
19,USA,1688,Female,2017
20,Ukraine,1143,Male,2013
21,Germany,29,Female,2012
22,Canada,1146,Male,2016
23,Brazil,856,Male,2021
24,Canada,577,Female,2012
25,Germany,958,Female,2018
26,USA,104,Male,2011
27,Canada,1692,Male,2012
28,Brazil,700,Male,2021
29,Canada,1008,Female,2016
30,Brazil,1310,Male,2011
31,Ukraine,1931,Female,2021
32,Brazil,1000,Male,2012
33,Brazil,286,Female,2016
34,USA,845,Male,2011
35,Germany,1857,Male,2018
36,Germany,417,Male,2018
37,Canada,1022,Female,2014
38,USA,1495,Female,2011
39,USA,1275,Male,2018
40,USA,1346,Female,2011
41,Ukraine,622,Male,2018
42,Ukraine,1782,Female,2020
43,Canada,1211,Male,2013
44,Brazil,198,Male,2011
45,Ukraine,1206,Female,2018
46,Ukraine,463,Female,2013
47,Germany,1178,Female,2014
48,Brazil,1691,Male,2012
49,USA,1474,Female,2013
50,Germany,1311,Male,2018
51,Canada,822,Male,2018
52,Brazil,558,Male,2012
53,Brazil,1697,Male,2019
54,Ukraine,112,Female,2014
55,Germany,1370,Male,2019
56,Brazil,636,Male,2011
57,Brazil,795,Female,2017
58,Brazil,1611,Male,2012
59,Germany,1454,Female,2018
60,USA,340,Female,2021
61,Ukraine,195,Male,2015
62,Ukraine,1302,Female,2020
63,USA,339,Female,2016
64,Germany,1447,Male,2014
65,Ukraine,663,Male,2012
66,Canada,37,Female,2020
67,USA,503,Female,2012
68,USA,1672,Female,2015
69,Brazil,366,Female,2016
70,Germany,1805,Male,2017
71,Brazil,1576,Male,2018
72,USA,16,Male,2018
73,Germany,1267,Male,2021
74,Brazil,802,Male,2014
75,USA,961,Male,2017
76,Ukraine,206,Female,2014
77,Ukraine,1491,Female,2017
78,Canada,48,Female,2011
79,Canada,1593,Male,2019
80,Canada,528,Female,2012
81,Ukraine,1476,Male,2019
82,Brazil,971,Male,2016
83,Ukraine,1147,Male,2011
84,Brazil,421,Male,2012
85,Canada,23,Female,2018
86,Canada,490,Male,2015
87,Ukraine,1037,Female,2015
88,Brazil,1677,Male,2011
89,Germany,49,Female,2020
90,Brazil,1303,Female,2013
91,Canada,1036,Male,2012
92,Ukraine,705,Female,2012
93,USA,1657,Male,2018
94,Germany,1160,Male,2014
95,Canada,518,Male,2021
96,Brazil,464,Male,2011
97,USA,369,Female,2012
98,Canada,695,Female,2017
99,USA,492,Male,2018
100,Germany,692,Female,2016
101,Germany,376,Female,2016
102,Canada,1802,Male,2017
103,Brazil,1164,Male,2015
104,Ukraine,773,Male,2017
105,Brazil,1720,Female,2016
106,Ukraine,565,Male,2012
107,Ukraine,1088,Male,2016
108,Canada,1321,Male,2012
109,USA,523,Female,2016
110,Ukraine,872,Female,2014
111,USA,1375,Female,2013
112,Germany,1473,Female,2018
113,Canada,127,Male,2018
114,Canada,1928,Female,2015
115,Ukraine,1842,Female,2020
116,Ukraine,500,Female,2012
117,Brazil,1634,Male,2016
118,Ukraine,93,Male,2019
119,Canada,912,Female,2020
120,USA,897,Male,2013
121,Ukraine,1483,Female,2021
122,Ukraine,1161,Male,2018
123,Germany,446,Male,2012
124,Germany,1640,Female,2011
125,Canada,424,Male,2018
126,Germany,780,Female,2012
127,Canada,296,Female,2017
128,USA,170,Male,2021
129,Canada,1531,Female,2015
130,Germany,183,Female,2013
131,Ukraine,950,Female,2019
132,Ukraine,1445,Female,2018
133,Brazil,1296,Female,2015
134,Ukraine,1896,Male,2014
135,Brazil,221,Female,2011
136,Ukraine,1076,Male,2019
137,USA,640,Male,2013
138,Ukraine,187,Female,2016
139,Brazil,774,Female,2016
140,Brazil,1743,Male,2016
141,Germany,644,Male,2013
142,Canada,400,Female,2021
143,Ukraine,1318,Male,2014
144,Brazil,409,Male,2014
145,Ukraine,105,Female,2012
146,Ukraine,584,Female,2016
147,Ukraine,333,Male,2017
148,Germany,58,Male,2020
149,USA,487,Female,2015
150,Canada,904,Male,2014
151,Canada,189,Male,2017
152,Brazil,1800,Female,2013
153,Canada,700,Male,2021
154,USA,1818,Female,2013
155,Canada,734,Female,2011
156,Canada,1822,Male,2014
157,Germany,143,Female,2013
158,Canada,91,Female,2016
159,Ukraine,669,Female,2021
160,Germany,1418,Female,2013
161,Canada,623,Male,2012
162,Canada,1354,Male,2013
163,Canada,458,Female,2012
164,Canada,1413,Male,2018
165,USA,812,Male,2013
166,Brazil,1191,Female,2016
167,Ukraine,846,Male,2019
168,USA,1710,Male,2011
169,Canada,1707,Male,2011
170,Brazil,671,Male,2013
171,Canada,579,Male,2021
172,Germany,1594,Male,2017
173,USA,1003,Female,2011
174,Canada,261,Female,2011
175,Brazil,61,Female,2021
176,Canada,379,Female,2012
177,Canada,1467,Female,2011
178,USA,546,Female,2019
179,Canada,1866,Male,2013
180,Germany,1538,Female,2019
181,USA,13,Female,2017
182,Canada,209,Male,2011
183,USA,800,Male,2016
184,Germany,857,Female,2019
185,Canada,761,Female,2020
186,Germany,1500,Male,2013
187,Brazil,1890,Female,2017
188,Canada,1968,Male,2013
189,Ukraine,1672,Female,2013
190,Canada,1092,Female,2011
191,Ukraine,926,Male,2015
192,Brazil,677,Female,2012
193,Ukraine,968,Male,2012
194,Germany,192,Male,2016
195,USA,823,Female,2018
196,Germany,668,Male,2018
197,Ukraine,685,Female,2012
198,USA,781,Male,2019
199,Ukraine,692,Female,2018
200,Ukraine,1030,Male,2013
201,USA,1823,Female,2019
202,Canada,1917,Female,2017
203,Ukraine,721,Male,2014
204,USA,739,Male,2017
205,Germany,39,Female,2014
206,Canada,1668,Male,2017
207,Canada,57,Female,2011
208,Ukraine,935,Male,2018
209,Canada,167,Male,2016
210,Germany,1578,Female,2020
211,Canada,138,Female,2013
212,USA,41,Male,2016
213,Canada,1431,Female,2014
214,Germany,1665,Male,2013
215,Ukraine,1013,Female,2013
216,USA,403,Female,2021
217,Ukraine,982,Male,2015
218,Ukraine,574,Male,2017
219,Canada,288,Female,2014
220,Germany,240,Female,2013
221,Brazil,73,Female,2020
222,Canada,1494,Female,2014
223,USA,1362,Male,2018
224,Brazil,1166,Male,2021
225,Germany,1682,Male,2012
226,Brazil,126,Female,2017
227,Ukraine,14,Female,2017
228,Canada,1741,Male,2013
229,USA,447,Male,2016
230,Brazil,1667,Female,2014
231,Ukraine,6,Female,2018
232,USA,1857,Female,2020
233,Germany,1072,Female,2015
234,USA,908,Male,2012
235,Ukraine,1796,Female,2018
236,Germany,121,Female,2020
237,Brazil,1147,Female,2020
238,Germany,1627,Male,2011
239,Canada,889,Male,2017
240,Ukraine,487,Female,2016
241,Canada,636,Female,2013
242,USA,355,Female,2011
243,Germany,1052,Male,2020
244,Canada,1297,Female,2013
245,Germany,400,Female,2011
246,Germany,490,Male,2019
247,Germany,1748,Female,2013
248,Germany,425,Female,2016
249,Ukraine,547,Male,2016
250,USA,1640,Female,2011
251,Ukraine,1452,Male,2018
252,Ukraine,1869,Male,2011
253,Ukraine,1496,Female,2013
254,Brazil,1931,Female,2017
255,Germany,264,Female,2016
256,USA,1742,Male,2011
257,USA,9,Female,2014
258,Brazil,548,Male,2013
259,Brazil,686,Female,2015
260,Germany,1322,Male,2016
261,USA,991,Female,2012
262,USA,1451,Female,2014
263,Canada,1912,Male,2015
264,Ukraine,1582,Female,2015
265,Germany,1233,Male,2018
266,USA,542,Female,2020
267,USA,1791,Female,2019
268,Brazil,271,Female,2016
269,USA,626,Male,2016
270,Germany,201,Male,2016
271,Ukraine,1642,Female,2018
272,Ukraine,699,Male,2011
273,Ukraine,683,Male,2017
274,Canada,814,Male,2017
275,Ukraine,590,Female,2012
276,Canada,456,Female,2018
277,Canada,964,Female,2019
278,Germany,130,Female,2021
279,Ukraine,1327,Female,2014
280,USA,1399,Female,2014
281,Brazil,1586,Male,2011
282,USA,242,Female,2013
283,Germany,12,Male,2012
284,Brazil,370,Female,2011
285,USA,1555,Female,2014
286,Brazil,666,Male,2018
287,Germany,1408,Male,2016
288,USA,371,Male,2017
289,Ukraine,1819,Male,2011
290,Germany,1568,Female,2013
291,Germany,1205,Male,2011
292,Brazil,14,Male,2016
293,Germany,761,Male,2016
294,Brazil,684,Male,2013
295,Ukraine,1278,Female,2019
296,Ukraine,1769,Male,2015
297,Germany,981,Male,2012
298,Ukraine,1883,Female,2012
299,Canada,1194,Male,2016
300,Germany,1344,Female,2012
301,Ukraine,807,Male,2021
302,Germany,806,Male,2013
303,Ukraine,448,Male,2018
304,Canada,1979,Male,2014
305,USA,916,Male,2019
306,USA,1197,Female,2016
307,Ukraine,1925,Male,2014
308,Brazil,1984,Female,2016
309,USA,3,Male,2020
310,USA,934,Male,2012
311,Ukraine,1947,Male,2011
312,Canada,200,Female,2020
313,Germany,1960,Male,2021
314,Germany,392,Male,2020
315,Canada,853,Female,2012
316,USA,265,Male,2011
317,Canada,284,Female,2016
318,USA,84,Male,2013
319,Ukraine,909,Female,2017
320,Canada,1165,Female,2020
321,Brazil,1045,Female,2014
322,Germany,152,Female,2016
323,USA,587,Female,2018
324,Germany,228,Male,2016
325,USA,949,Female,2012
326,USA,1698,Female,2015
327,Brazil,1005,Female,2013
328,Canada,274,Male,2018
329,Ukraine,1666,Female,2017
330,Germany,1286,Female,2011
331,Germany,1971,Female,2018
332,Brazil,544,Female,2016
333,Brazil,1784,Male,2016
334,Brazil,164,Male,2013
335,Germany,289,Female,2016
336,Brazil,1842,Male,2018
337,Ukraine,209,Female,2016
338,Canada,366,Female,2021
339,Ukraine,1063,Female,2013
340,USA,1538,Male,2014
341,USA,1751,Male,2015
342,Germany,321,Male,2021
343,Germany,1,Male,2016
344,Brazil,592,Female,2016
345,Germany,738,Female,2016
346,Canada,667,Female,2011
347,USA,573,Female,2011
348,Germany,479,Female,2016
349,Ukraine,1734,Male,2016
350,Brazil,398,Female,2016
351,Germany,1725,Male,2018
352,Ukraine,1364,Male,2013
353,USA,1233,Male,2015
354,USA,1649,Male,2021
355,USA,668,Female,2016
356,Brazil,449,Female,2011
357,Ukraine,374,Female,2012
358,USA,819,Male,2016
359,Canada,1655,Male,2017
360,USA,1299,Female,2019
361,Brazil,1714,Male,2011
362,Canada,177,Female,2019
363,Brazil,807,Male,2018
364,Brazil,1966,Female,2012
365,Germany,300,Female,2015
366,Brazil,1235,Female,2014
367,Germany,513,Female,2016
368,Germany,579,Male,2017
369,Canada,1049,Female,2018
370,Ukraine,278,Male,2013
371,Germany,468,Female,2018
372,Ukraine,1996,Female,2020
373,Brazil,498,Male,2011
374,Ukraine,1256,Female,2013
375,Ukraine,227,Female,2018
376,Ukraine,86,Male,2012
377,Ukraine,1400,Female,2018
378,Brazil,884,Female,2019
379,Canada,1250,Male,2011
380,USA,193,Female,2013
381,Germany,83,Female,2016
382,Brazil,935,Female,2021
383,Germany,623,Male,2014
384,Brazil,20,Female,2012
385,Canada,361,Male,2013
386,Germany,1079,Female,2018
387,Brazil,1177,Male,2012
388,Ukraine,1835,Female,2017
389,Brazil,90,Female,2012
390,Ukraine,34,Male,2015
391,Ukraine,759,Male,2013
392,Germany,24,Female,2016
393,USA,122,Male,2021
394,Germany,1622,Male,2017
395,USA,966,Female,2020
396,USA,111,Male,2011
397,Ukraine,1426,Female,2017
398,Germany,382,Male,2014
399,Brazil,641,Female,2019
400,Ukraine,976,Female,2011
401,Canada,1877,Male,2020
402,Brazil,1997,Female,2018
403,Ukraine,1650,Male,2018
404,Canada,985,Male,2021
405,Brazil,1403,Male,2013
406,Brazil,1476,Female,2017
407,Ukraine,1458,Male,2021
408,Canada,316,Male,2016
409,Ukraine,653,Male,2018
410,Brazil,1827,Female,2018
411,Canada,867,Female,2014
412,Germany,1985,Female,2019
413,USA,708,Male,2013
414,Ukraine,1233,Female,2015
415,Canada,1890,Female,2016
416,Ukraine,1558,Male,2017
417,Ukraine,1112,Male,2013
418,Germany,1674,Male,2020
419,Canada,1000,Male,2015
420,Canada,995,Male,2013
421,Germany,889,Female,2017
422,Germany,545,Male,2016
423,Brazil,1810,Female,2011
424,USA,1619,Male,2016
425,USA,363,Male,2019
426,Germany,1822,Female,2011
427,USA,1026,Male,2021
428,Ukraine,1964,Male,2013
429,USA,981,Female,2013
430,USA,1602,Female,2014
431,Ukraine,1596,Male,2012
432,Germany,1215,Female,2011
433,Canada,1238,Male,2019
434,Brazil,1122,Female,2018
435,Germany,904,Female,2012
436,Germany,1937,Male,2011
437,USA,550,Male,2013
438,USA,1622,Female,2018
439,Germany,15,Female,2012
440,Brazil,760,Male,2011
441,Ukraine,495,Female,2018
442,Canada,687,Female,2020
443,Canada,1272,Female,2013
444,Canada,531,Male,2016
445,Brazil,1113,Male,2013
446,Brazil,830,Male,2017
447,Canada,1664,Female,2019
448,Canada,64,Female,2013
449,Germany,1116,Female,2020
450,Brazil,437,Male,2016
451,Canada,1562,Male,2013
452,USA,1490,Female,2012
453,Brazil,295,Female,2014
454,USA,1441,Male,2017
455,USA,1892,Male,2018
456,Germany,975,Male,2015
457,Brazil,852,Male,2014
458,Germany,811,Male,2017
459,USA,471,Male,2013
460,USA,1569,Male,2014
461,Canada,1060,Male,2015
462,Ukraine,709,Male,2013
463,Canada,1598,Male,2013
464,Germany,937,Female,2013
465,Brazil,478,Male,2016
466,Brazil,1258,Female,2012
467,Brazil,1453,Male,2019
468,Germany,867,Male,2013
469,Brazil,1915,Male,2013
470,Brazil,603,Female,2012
471,USA,1693,Female,2012
472,Canada,1280,Male,2013
473,USA,184,Male,2013
474,USA,1781,Male,2018
475,USA,386,Male,2013
476,Brazil,927,Female,2018
477,USA,1944,Female,2018
478,Canada,1177,Female,2011
479,Canada,1544,Male,2013
480,Canada,429,Female,2016
481,Ukraine,1353,Female,2016
482,Germany,213,Male,2019
483,USA,68,Female,2021
484,Brazil,1412,Female,2016
485,Ukraine,1623,Female,2016
486,Ukraine,785,Male,2021
487,Canada,1553,Female,2013
488,USA,59,Female,2012
489,Brazil,1021,Female,2016
490,USA,131,Female,2011
491,Ukraine,601,Male,2021
492,USA,676,Male,2018
493,USA,633,Female,2011
494,USA,1418,Female,2014
495,Germany,1919,Male,2019
496,USA,1267,Male,2021
497,Ukraine,481,Female,2012
498,USA,1390,Female,2012
499,Germany,559,Female,2013
500,Brazil,325,Male,2011
501,USA,889,Female,2012
502,Germany,1272,Female,2011
503,Canada,1827,Female,2011
504,Brazil,873,Female,2011
505,Canada,1258,Male,2015
506,Germany,1928,Female,2013
507,Canada,1527,Female,2019
508,Ukraine,217,Female,2018
509,Ukraine,716,Female,2016
510,Brazil,151,Male,2011
511,USA,33,Female,2011
512,USA,1052,Male,2013
513,Canada,572,Female,2014
514,Ukraine,634,Female,2013
515,Brazil,1445,Female,2018
516,Germany,540,Female,2013
517,Ukraine,387,Male,2018
518,Canada,1343,Male,2021
519,Ukraine,27,Male,2020
520,USA,1244,Male,2015
521,Canada,478,Female,2014
522,USA,854,Male,2019
523,Germany,1385,Female,2018
524,Ukraine,767,Male,2018
525,Ukraine,1247,Female,2018
526,USA,213,Female,2015
527,Canada,1785,Male,2021
528,Canada,1851,Female,2015
529,USA,1805,Male,2018
530,Germany,1599,Female,2018
531,Ukraine,363,Female,2015
532,USA,1503,Female,2011
533,Germany,1165,Female,2017
534,Germany,1617,Female,2019
535,Ukraine,122,Male,2016
536,Brazil,6,Female,2017
537,Germany,798,Female,2018
538,Ukraine,1189,Male,2011
539,USA,155,Female,2014
540,Germany,1900,Male,2013
541,Canada,10,Female,2017
542,Canada,1366,Male,2015
543,Canada,151,Male,2016
544,Ukraine,9,Female,2012
545,USA,1176,Male,2016
546,Ukraine,171,Male,2016
547,Ukraine,1705,Female,2012
548,Brazil,1837,Male,2013
549,Canada,82,Male,2018
550,Brazil,1065,Male,2016
551,USA,302,Female,2020
552,Ukraine,1378,Female,2018
553,Ukraine,627,Male,2012
554,Ukraine,1336,Female,2011
555,Brazil,1458,Female,2013
556,Ukraine,1660,Female,2019
557,Brazil,778,Female,2020
558,Brazil,820,Male,2020
559,Ukraine,1719,Female,2011
560,Brazil,1249,Female,2014
561,Germany,1060,Male,2013
562,Brazil,1651,Female,2012
563,USA,1160,Male,2016
564,Germany,1036,Female,2012
565,Ukraine,1574,Male,2013
566,Canada,28,Male,2018
567,Brazil,1986,Female,2016
568,Ukraine,1742,Female,2013
569,Canada,592,Male,2015
570,Ukraine,992,Female,2014
571,Ukraine,640,Male,2013
572,USA,1841,Male,2020
573,Germany,1553,Male,2013
574,Brazil,1661,Male,2011
575,Ukraine,961,Male,2021
576,Germany,1239,Male,2014
577,Brazil,9,Female,2012
578,Canada,1714,Male,2015
579,Germany,456,Female,2017
580,Ukraine,344,Male,2012
581,Canada,674,Female,2018
582,Germany,1990,Female,2016
583,Germany,502,Female,2016
584,Brazil,1421,Male,2015
585,USA,225,Female,2016
586,Canada,370,Male,2018
587,Ukraine,812,Male,2020
588,Germany,91,Female,2017
589,Brazil,1643,Female,2013
590,Germany,1025,Female,2011
591,USA,761,Male,2016
592,Brazil,273,Male,2015
593,Brazil,976,Female,2020
594,Germany,1435,Male,2018
595,Brazil,1101,Male,2013
596,USA,1830,Female,2016
597,Germany,1146,Female,2011
598,Brazil,481,Male,2013
599,Canada,1986,Female,2017
600,USA,53,Male,2013
601,Brazil,1673,Male,2018
602,Canada,1673,Female,2013
603,Ukraine,1121,Male,2014
604,Canada,957,Female,2013
605,Canada,1397,Male,2018
606,Canada,239,Female,2021
607,Canada,107,Male,2017
608,Germany,964,Male,2013
609,Brazil,1328,Female,2020
610,Ukraine,1176,Female,2015
611,Brazil,865,Female,2015
612,Ukraine,53,Male,2015
613,Ukraine,1551,Male,2020
614,USA,1062,Male,2015
615,Ukraine,43,Male,2021
616,Germany,684,Female,2011
617,Ukraine,473,Male,2016
618,Canada,795,Female,2012
619,Germany,1170,Male,2016
620,Brazil,344,Female,2018
621,USA,1287,Male,2013
622,USA,1179,Female,2020
623,Brazil,530,Male,2014
624,Germany,1867,Female,2019
625,Brazil,207,Female,2019
626,Ukraine,1675,Female,2021
627,USA,1913,Female,2017
628,Brazil,1059,Female,2011
629,Ukraine,418,Female,2016
630,Brazil,105,Male,2016
631,Canada,768,Male,2020
632,Canada,1984,Male,2014
633,USA,1920,Male,2011
634,Germany,608,Male,2017
635,Canada,7,Female,2011
636,USA,453,Male,2014
637,Canada,549,Male,2015
638,USA,202,Female,2015
639,Germany,370,Male,2015
640,Germany,1103,Male,2016
641,Germany,549,Male,2012
642,Canada,1446,Male,2021
643,Germany,768,Male,2012
644,Ukraine,355,Male,2016
645,Germany,1589,Male,2017
646,Brazil,1596,Female,2013
647,Brazil,53,Female,2016
648,Canada,1577,Male,2021
649,Germany,913,Female,2013
650,USA,480,Male,2011
651,Canada,74,Male,2014
652,USA,276,Female,2017
653,Canada,1899,Female,2013
654,Germany,478,Male,2019
655,Germany,1877,Female,2016
656,USA,289,Female,2017
657,Germany,1253,Male,2018
658,USA,426,Male,2014
659,Ukraine,1003,Female,2014
660,USA,1134,Male,2016
661,USA,1165,Female,2018
662,Canada,877,Female,2018
663,Ukraine,1529,Female,2019
664,USA,1636,Female,2017
665,Ukraine,405,Male,2015
666,USA,975,Male,2013
667,Canada,1935,Female,2012
668,Canada,544,Male,2014
669,Canada,1745,Female,2011
670,Canada,1167,Male,2019
671,Germany,1981,Female,2019
672,Ukraine,231,Female,2016
673,Germany,1787,Female,2015
674,Brazil,627,Female,2012
675,Germany,1489,Female,2012
676,Brazil,101,Female,2018
677,Ukraine,801,Male,2014
678,Brazil,1526,Male,2011
679,Brazil,1228,Female,2017
680,Germany,996,Female,2013
681,Canada,936,Male,2019
682,USA,1528,Female,2014
683,Brazil,227,Female,2019
684,Brazil,1202,Female,2019
685,Brazil,1488,Female,2011
686,Canada,779,Male,2018
687,Germany,1827,Female,2013
688,USA,1411,Male,2011
689,USA,76,Female,2016
690,Ukraine,290,Female,2017
691,USA,1041,Male,2018
692,Germany,1001,Male,2018
693,Ukraine,741,Male,2016
694,Brazil,27,Male,2013
695,Germany,338,Male,2013
696,Ukraine,1807,Female,2013
697,Germany,715,Male,2019
698,Germany,594,Male,2013
699,Ukraine,1972,Male,2021
700,USA,1981,Female,2017
701,Brazil,1091,Male,2018
702,Brazil,1428,Male,2016
703,Ukraine,396,Female,2021
704,Brazil,710,Female,2015
705,USA,321,Female,2021
706,Germany,1040,Female,2011
707,Canada,1115,Male,2021
708,Germany,930,Male,2020
709,Germany,842,Male,2011
710,Ukraine,1636,Female,2016
711,Ukraine,1591,Male,2017
712,Brazil,747,Female,2020
713,USA,871,Male,2017
714,Canada,1329,Male,2013
715,Germany,352,Male,2017
716,Canada,805,Male,2021
717,USA,1036,Female,2016
718,Ukraine,1620,Female,2012
719,Canada,1762,Female,2017
720,Germany,1544,Male,2020
721,Brazil,892,Male,2016
722,USA,689,Male,2016
723,Brazil,356,Male,2019
724,Canada,1203,Male,2017
725,Germany,1646,Male,2020
726,Brazil,1551,Female,2013
727,Ukraine,265,Female,2017
728,Canada,1813,Male,2017
729,Brazil,1320,Female,2018
730,Canada,349,Male,2013
731,Brazil,1209,Male,2018
732,Brazil,334,Female,2013
733,USA,1631,Male,2021
734,Germany,1009,Female,2016
735,Canada,1644,Male,2021
736,Germany,696,Female,2015
737,Brazil,1706,Male,2017
738,Canada,1229,Male,2015
739,Germany,1715,Female,2015
740,Brazil,1378,Male,2017
741,Canada,1697,Female,2019
742,Ukraine,1042,Female,2018
743,Brazil,1759,Male,2018
744,Brazil,961,Male,2019
745,Canada,14,Female,2018
746,Germany,1133,Male,2017
747,Canada,501,Male,2012
748,Ukraine,556,Female,2015
749,Ukraine,998,Female,2011
750,USA,1317,Male,2020
751,Germany,66,Male,2020
752,Brazil,1820,Male,2013
753,USA,1985,Female,2018
754,Ukraine,322,Female,2016
755,Germany,366,Male,2015
756,Canada,894,Female,2012
757,Canada,1303,Male,2016
758,Canada,1626,Female,2014
759,Canada,856,Female,2016
760,Brazil,1506,Male,2017
761,Ukraine,71,Female,2012
762,Brazil,1271,Male,2015
763,Canada,1775,Female,2012
764,Germany,451,Male,2012
765,Germany,1697,Male,2015
766,Ukraine,1519,Male,2018
767,USA,1107,Male,2019
768,Brazil,692,Male,2013
769,Germany,1494,Male,2013
770,USA,757,Female,2014
771,USA,1589,Female,2021
772,Brazil,1975,Female,2011
773,Germany,7,Female,2014
774,USA,718,Female,2018
775,Canada,1838,Female,2016
776,Germany,1397,Male,2021
777,Germany,518,Female,2011
778,Germany,639,Male,2012
779,USA,770,Male,2019
780,Brazil,374,Female,2018
781,Ukraine,880,Male,2014
782,USA,1906,Male,2020
783,Canada,748,Female,2019
784,USA,1716,Male,2020
785,USA,417,Male,2016
786,Germany,677,Female,2018
787,Ukraine,133,Female,2012
788,Germany,814,Male,2019
789,Brazil,574,Male,2014
790,Canada,438,Male,2014
791,Brazil,1911,Male,2012
792,USA,560,Male,2019
793,Germany,1838,Female,2021
794,USA,1549,Female,2020
795,Ukraine,1134,Female,2013
796,Canada,1136,Female,2013
797,Brazil,902,Female,2020
798,USA,1146,Female,2013
799,Brazil,1949,Male,2019
800,Ukraine,1710,Male,2020
801,Ukraine,900,Male,2018
802,Ukraine,1165,Male,2019
803,Canada,607,Male,2018
804,Canada,1150,Male,2017
805,Germany,894,Male,2021
806,Germany,432,Female,2019
807,Canada,1102,Female,2021
808,USA,433,Male,2017
809,Germany,688,Male,2013
810,Brazil,1496,Male,2013
811,Brazil,81,Male,2020
812,Canada,1956,Female,2013
813,USA,1454,Female,2014
814,Canada,337,Male,2013
815,USA,462,Male,2011
816,Germany,1423,Female,2017
817,Canada,810,Female,2020
818,Brazil,1143,Female,2011
819,Canada,928,Male,2012
820,Canada,1616,Male,2013
821,Ukraine,1420,Male,2019
822,Germany,1891,Female,2019
823,Brazil,982,Male,2017
824,USA,1205,Female,2018
825,Brazil,1031,Male,2016
826,USA,600,Female,2021
827,Canada,1381,Female,2011
828,USA,1674,Male,2011
829,USA,649,Male,2017
830,Ukraine,1633,Male,2018
831,Canada,1499,Female,2011
832,Ukraine,1226,Female,2018
833,Ukraine,1985,Male,2014
834,Ukraine,1914,Male,2017
835,Brazil,767,Male,2013
836,Brazil,34,Female,2011
837,Brazil,1353,Male,2015
838,Germany,942,Female,2021
839,Brazil,1623,Male,2012
840,Canada,481,Female,2012
841,Ukraine,1752,Male,2011
842,Ukraine,453,Male,2014
843,Canada,227,Female,2012
844,Germany,275,Female,2015
845,USA,682,Female,2018
846,Germany,1480,Female,2018
847,Brazil,1529,Male,2021
848,USA,715,Female,2018
849,Brazil,1076,Female,2014
850,Ukraine,676,Female,2011
851,Germany,1777,Male,2016
852,USA,1012,Male,2014
853,Canada,1621,Female,2011
854,Ukraine,254,Male,2018
855,Ukraine,854,Female,2015
856,Ukraine,307,Male,2015
857,USA,1595,Male,2017
858,USA,698,Male,2015
859,USA,1073,Female,2013
860,Brazil,1365,Female,2017
861,Canada,1421,Female,2012
862,Canada,1720,Female,2011
863,USA,1333,Female,2018
864,Brazil,727,Male,2020
865,USA,858,Male,2020
866,Ukraine,155,Female,2013
867,USA,1424,Male,2016
868,Brazil,259,Female,2013
869,USA,879,Female,2021
870,Germany,1762,Female,2012
871,Germany,572,Male,2021
872,Ukraine,426,Male,2016
873,USA,149,Female,2017
874,Canada,1071,Female,2017
875,Germany,1514,Female,2018
876,USA,615,Female,2014
877,Brazil,428,Female,2014
878,USA,1324,Male,2020
879,Germany,167,Female,2013
880,Ukraine,77,Male,2014
881,Canada,1586,Female,2015
882,USA,1518,Female,2014
883,Germany,751,Male,2014
884,USA,1961,Male,2013
885,Canada,979,Female,2015
886,Canada,643,Male,2018
887,Brazil,387,Female,2019
888,Brazil,112,Female,2021
889,Brazil,171,Female,2015
890,USA,92,Male,2012
891,Ukraine,1396,Male,2012
892,Germany,630,Female,2013
893,Germany,1297,Male,2021
894,Ukraine,369,Male,2015
895,USA,1882,Male,2019
896,Canada,387,Female,2017
897,USA,1215,Male,2021
898,Ukraine,507,Female,2016
899,Brazil,46,Female,2016
900,Germany,1709,Female,2021
901,Ukraine,1861,Female,2013
902,USA,806,Male,2014
903,Brazil,488,Female,2014
904,Canada,1039,Male,2018
905,USA,26,Male,2011
906,USA,684,Male,2014
907,Brazil,940,Female,2018
908,Brazil,1561,Male,2017
909,Ukraine,1908,Female,2013
910,Canada,1634,Male,2016
911,Ukraine,939,Female,2016
912,Germany,74,Female,2012
913,Germany,1655,Male,2013
914,Germany,1527,Female,2020
915,Ukraine,436,Male,2013
916,Canada,465,Male,2017
917,Germany,361,Male,2017
918,Canada,115,Male,2011
919,Germany,1669,Female,2018
920,USA,1930,Female,2011
921,Germany,853,Female,2020
922,Ukraine,150,Female,2012
923,Brazil,1338,Male,2014
924,Brazil,716,Female,2018
925,Germany,331,Male,2013
926,USA,229,Male,2021
927,Brazil,1396,Male,2020
928,Canada,1513,Female,2012
929,USA,1665,Female,2021
930,USA,1086,Female,2012
931,Canada,1488,Male,2019
932,Ukraine,543,Male,2018
933,Brazil,455,Male,2021
934,USA,1481,Female,2011
935,Ukraine,1688,Female,2017
936,Canada,1405,Male,2011
937,Canada,972,Male,2016
938,Canada,1127,Female,2015
939,Brazil,1134,Female,2015
940,Ukraine,60,Female,2021
941,Brazil,1638,Female,2012
942,Brazil,1492,Female,2011
943,Canada,221,Female,2016
944,Germany,1094,Female,2021
945,Canada,411,Male,2011
946,Germany,1815,Male,2018
947,Canada,449,Male,2015
948,Brazil,1620,Female,2014
949,Ukraine,1540,Male,2018
950,Canada,101,Male,2015
951,Ukraine,1056,Female,2014
952,USA,331,Female,2015
953,Brazil,1734,Female,2016
954,USA,1578,Male,2019
955,Brazil,994,Male,2020
956,Canada,714,Female,2018
957,Canada,941,Female,2021
958,USA,393,Female,2017
959,Ukraine,523,Male,2013
960,Canada,1679,Female,2015
961,Germany,1356,Male,2017
962,Germany,717,Female,2018
963,Germany,1195,Female,2014
964,Brazil,911,Male,2014
965,Ukraine,819,Female,2020
966,Canada,1479,Male,2013
967,Ukraine,17,Female,2016
968,Canada,716,Female,2016
969,USA,1116,Female,2020
970,Germany,988,Male,2011
971,Brazil,590,Male,2013
972,Brazil,1037,Male,2012
973,Ukraine,1294,Female,2011
974,USA,1254,Male,2012
975,Ukraine,1695,Male,2011
976,Germany,1634,Male,2016
977,Ukraine,827,Male,2015
978,Germany,223,Male,2014
979,USA,1141,Female,2021
980,Brazil,187,Female,2017
981,USA,1725,Female,2017
982,Brazil,507,Female,2020
983,Canada,326,Male,2021
984,Brazil,622,Female,2013
985,Germany,1332,Female,2020
986,Ukraine,1411,Male,2011
987,Germany,481,Male,2018
988,Ukraine,1824,Female,2021
989,USA,996,Female,2021
990,Canada,1638,Male,2019
991,Canada,835,Female,2011
992,Brazil,955,Female,2017
993,USA,1098,Female,2011
994,Canada,1453,Female,2019
995,Ukraine,1268,Male,2017
996,Brazil,676,Female,2018
997,Ukraine,1100,Female,2017
998,USA,1994,Female,2018
999,Germany,1139,Male,2014
1000,Canada,1998,Male,2012
